{"z_qc_raw_1":{"0":0.8767089844,"1":0.8852539062,"2":0.8745117188,"3":0.8774414062,"4":0.875,"5":0.8779296875,"6":0.873046875,"7":0.8701171875,"8":0.8718261719,"9":0.8676757812,"10":0.8327636719,"11":0.8708496094,"12":0.8793945312,"13":0.8676757812,"14":0.8862304688,"15":0.8720703125,"16":0.873046875,"17":0.8488769531,"18":0.8742675781,"19":0.8796386719}}