{"z_ZM_raw_1":{"0":0.9779695246},"z_ZM_raw_2":{"0":0.9855406699},"z_ZM_raw_3":{"0":0.9746109496},"z_ZM_raw_4":{"0":0.9783271122},"z_ZM_raw_5":{"0":0.9748743145},"z_ZM_raw_6":{"0":0.9790370449},"z_ZM_raw_7":{"0":0.9729300605},"z_ZM_raw_8":{"0":0.9693207116},"z_ZM_raw_9":{"0":0.970881201},"z_ZM_raw_10":{"0":0.9666782996},"z_ZM_raw_11":{"0":0.9279937354},"z_ZM_raw_12":{"0":0.9704406854},"z_ZM_raw_13":{"0":0.9801135684},"z_ZM_raw_14":{"0":0.9669177236},"z_ZM_raw_15":{"0":0.9888550005},"z_ZM_raw_16":{"0":0.9717824736},"z_ZM_raw_17":{"0":0.9735092384},"z_ZM_raw_18":{"0":0.9462777773},"z_ZM_raw_19":{"0":0.9747195399},"z_ZM_raw_20":{"0":0.9788722901}}