z_true,z_qc,z_qc_std,z_M,z_M_std
1.00000000000000,0.87171630859375,0.011955276836213004,0.9714825960534096,0.013355844781872121
